exchange,ticker,trade_date,series,isin,open,high,low,close,previous_close,volume,delivery_quantity,delivery_pct
NSE,CDSL,2026-07-10, EQ,,1353.5,1443.0,1352.7,1431.9,1346.5,9178914,3861959,42.07
NSE,CDSL,2026-07-12, EQ,,1353.5,1443.0,1352.7,1431.9,1346.5,9178914,3861959,42.07
NSE,CDSL,2026-07-13, EQ,,1422.0,1453.1,1415.6,1444.5,1431.9,3777293,1155852,30.6
NSE,CDSL,2026-07-14, EQ,,1435.0,1445.8,1421.0,1428.5,1444.5,1855465,615577,33.18
NSE,CDSL,2026-07-15, EQ,,1429.9,1448.6,1424.3,1440.1,1428.5,1645779,470702,28.6
NSE,CDSL,2026-07-16, EQ,,1444.5,1446.7,1408.0,1410.5,1440.1,1279121,474599,37.1
NSE,CDSL,2026-07-19, EQ,,1405.5,1423.0,1376.0,1418.2,1410.5,1729889,418782,24.21
NSE,CDSL,2026-07-20, EQ,,1415.0,1415.0,1383.1,1385.2,1418.2,1381921,484379,35.05
NSE,CDSL,2026-07-21, EQ,,1385.0,1390.9,1361.5,1364.9,1385.2,1431384,621443,43.42
NSE,CDSL,2026-07-22, EQ,,1363.7,1364.9,1331.0,1339.7,1364.9,1408948,511676,36.32
NSE,CDSL,2026-07-23, EQ,,1335.0,1346.6,1318.0,1323.4,1339.7,1133991,311816,27.5
NSE,CDSL,2026-07-24, EQ,,1310.0,1340.0,1305.0,1333.1,1323.4,969219,297141,30.66
NSE,CDSL,2026-07-26, EQ,,1310.0,1340.0,1305.0,1333.1,1323.4,969219,297141,30.66
NSE,CDSL,2026-07-27, EQ,,1345.1,1349.0,1326.0,1329.0,1333.1,835504,323141,38.68
NSE,CDSL,2026-07-28, EQ,,1329.0,1348.0,1326.0,1345.1,1329.0,984104,321628,32.68
NSE,CDSL,2026-07-29, EQ,,1349.9,1361.3,1344.2,1350.0,1345.1,1018335,387558,38.06
NSE,CDSL,2026-07-30, EQ,,1349.0,1349.9,1325.0,1336.4,1350.0,813461,275156,33.83
NSE,CDSL,2026-07-31, EQ,,1338.0,1348.0,1330.0,1333.0,1336.4,745681,288052,38.63
NSE,CDSL,2026-08-02, EQ,,1338.0,1348.0,1330.0,1333.0,1336.4,745681,288052,38.63
NSE,CDSL,2026-08-03, EQ,,1341.9,1354.0,1318.0,1322.2,1333.0,2784297,1285749,46.18
NSE,CDSL,2026-08-04, EQ,,1318.0,1362.0,1312.5,1340.0,1322.2,1929942,513150,26.59
NSE,CDSL,2026-08-05, EQ,,1350.0,1352.0,1323.1,1326.5,1340.0,1063938,430214,40.44
NSE,CDSL,2026-08-06, EQ,,1327.8,1341.9,1325.1,1331.0,1326.5,817532,345900,42.31
NSE,CDSL,2026-08-07, EQ,,1331.0,1334.4,1324.1,1328.0,1331.0,571095,235868,41.3
NSE,CDSL,2026-08-09, EQ,,1331.0,1334.4,1324.1,1328.0,1331.0,571095,235868,41.3
NSE,CDSL,2026-08-10, EQ,,1328.0,1341.9,1318.2,1332.5,1328.0,790304,288537,36.51
NSE,CDSL,2026-08-11, EQ,,1332.5,1349.9,1326.1,1347.0,1332.5,970597,397239,40.93
NSE,CDSL,2026-08-12, EQ,,1349.8,1353.4,1333.1,1339.0,1347.0,764487,273037,35.72
NSE,CDSL,2026-08-13, EQ,,1339.0,1352.4,1336.3,1350.0,1339.0,833682,411536,49.36
NSE,CDSL,2026-08-14, EQ,,1355.0,1358.3,1338.3,1344.4,1350.0,482964,227522,47.11
NSE,CDSL,2026-08-16, EQ,,1355.0,1358.3,1338.3,1344.4,1350.0,482964,227522,47.11
NSE,CDSL,2026-08-17, EQ,,1344.0,1359.8,1323.3,1356.8,1344.4,1012698,341044,33.68
NSE,CDSL,2026-08-18, EQ,,1356.8,1361.5,1336.0,1340.6,1356.8,759440,280656,36.96
NSE,CDSL,2026-08-19, EQ,,1340.6,1345.0,1325.0,1329.0,1340.6,560859,225401,40.19
NSE,CDSL,2026-08-20, EQ,,1335.0,1358.0,1330.1,1345.9,1329.0,1113440,477274,42.86
NSE,CDSL,2026-08-21, EQ,,1345.9,1401.8,1345.9,1388.9,1345.9,3743675,1279897,34.19
NSE,CDSL,2026-08-23, EQ,,1345.9,1401.8,1345.9,1388.9,1345.9,3743675,1279897,34.19
NSE,CDSL,2026-08-24, EQ,,1390.0,1412.5,1379.6,1385.1,1388.9,2224774,806730,36.26
NSE,CDSL,2026-08-25, EQ,,1382.2,1400.2,1375.2,1394.8,1385.1,997537,341845,34.27
NSE,CDSL,2026-08-26, EQ,,1395.0,1444.8,1395.0,1434.0,1394.8,3818012,1646266,43.12
NSE,CDSL,2026-08-27, EQ,,1440.0,1445.0,1405.1,1410.8,1434.0,1543936,598041,38.73
NSE,CDSL,2026-08-28, EQ,,1410.8,1417.3,1397.0,1414.7,1410.8,1052357,392124,37.26
NSE,CDSL,2026-08-30, EQ,,1410.8,1417.3,1397.0,1414.7,1410.8,1052357,392124,37.26
NSE,CDSL,2026-08-31, EQ,,1413.9,1413.9,1382.7,1402.5,1414.7,1190879,525346,44.11
NSE,CDSL,2026-09-01, EQ,,1400.0,1407.4,1376.0,1391.0,1402.5,743240,304387,40.95
NSE,CDSL,2026-09-02, EQ,,1378.0,1379.7,1355.9,1365.2,1391.0,858052,299123,34.86
NSE,CDSL,2026-09-03, EQ,,1370.0,1397.3,1367.0,1394.0,1365.2,921968,335127,36.35
NSE,CDSL,2026-09-04, EQ,,1400.0,1417.9,1391.6,1394.6,1394.0,1117172,342873,30.69
NSE,CDSL,2026-09-06, EQ,,1400.0,1417.9,1391.6,1394.6,1394.0,1117172,342873,30.69
NSE,CDSL,2026-09-07, EQ,,1392.1,1438.0,1383.8,1414.9,1394.6,2731594,1009400,36.95
NSE,CDSL,2026-09-08, EQ,,1415.0,1417.0,1395.0,1400.0,1414.9,975781,405411,41.55
NSE,CDSL,2026-09-09, EQ,,1393.0,1393.0,1360.0,1368.6,1400.0,1314059,478497,36.41
NSE,CDSL,2026-09-10, EQ,,1360.9,1372.9,1352.0,1355.0,1368.6,771857,291355,37.75
NSE,CDSL,2026-09-11, EQ,,1343.6,1360.0,1315.5,1360.0,1355.0,1040559,345046,35.43
NSE,CDSL,2026-09-13, EQ,,1343.6,1360.0,1315.5,1360.0,1355.0,1040559,345046,35.43
NSE,CDSL,2026-09-14, EQ,,1343.6,1360.0,1315.5,1360.0,1355.0,1040559,345046,35.43
NSE,CDSL,2026-09-15, EQ,,1360.0,1361.3,1302.5,1311.0,1360.0,1265342,586473,46.35
NSE,CDSL,2026-09-16, EQ,,1311.0,1319.9,1284.0,1299.0,1311.0,1055453,348861,33.05
NSE,CDSL,2026-09-17, EQ,,1299.0,1357.5,1296.3,1349.4,1299.0,1823018,482757,26.48
NSE,CDSL,2026-09-18, EQ,,1348.0,1390.0,1346.5,1390.0,1349.4,1694146,697061,41.15
NSE,CDSL,2026-09-20, EQ,,1348.0,1390.0,1346.5,1390.0,1349.4,1694146,697061,41.15
NSE,CDSL,2026-09-21, EQ,,1390.0,1394.4,1353.3,1361.0,1390.0,838882,281314,33.53
NSE,CDSL,2026-09-22, EQ,,1361.0,1374.0,1342.5,1348.0,1361.0,721143,220532,30.58
NSE,CDSL,2026-09-23, EQ,,1348.0,1359.5,1347.2,1351.1,1348.0,400345,152763,38.16
NSE,CDSL,2026-09-24, EQ,,1339.0,1347.3,1318.1,1320.0,1351.1,1232299,568349,46.12
NSE,CDSL,2026-09-25, EQ,,1320.0,1337.4,1313.0,1318.0,1320.0,1248040,611767,49.02
NSE,CDSL,2026-09-27, EQ,,1320.0,1337.4,1313.0,1318.0,1320.0,1248040,611767,49.02
NSE,CDSL,2026-09-28, EQ,,1318.0,1318.0,1286.3,1289.0,1318.0,1109537,567150,51.12
NSE,CDSL,2026-09-29, EQ,,1289.0,1290.0,1261.3,1261.9,1289.0,1412255,635331,44.99
NSE,CDSL,2026-09-30, EQ,,1270.0,1286.5,1262.5,1264.0,1261.9,871860,368582,42.28
NSE,CDSL,2026-10-01, EQ,,1264.0,1274.6,1223.9,1242.5,1264.0,1324382,511744,38.64
NSE,CDSL,2026-10-02, EQ,,1264.0,1274.6,1223.9,1242.5,1264.0,1324382,511744,38.64
NSE,CDSL,2026-10-04, EQ,,1264.0,1274.6,1223.9,1242.5,1264.0,1324382,511744,38.64
NSE,CDSL,2026-10-05, EQ,,1248.0,1260.3,1237.4,1250.0,1242.5,915900,413058,45.1
NSE,CDSL,2026-10-06, EQ,,1255.0,1267.9,1251.5,1263.4,1250.0,896613,437970,48.85
NSE,CDSL,2026-10-07, EQ,,1260.0,1282.5,1251.0,1275.0,1263.4,1021756,351407,34.39
